"number.cluster","silhouette.score","calinski.harabasz","davies.bouldin"
3,0.928473071103848,14156.1886610033,0.568050570695912
10,0.291690626442074,4632.61730639357,1.12061598323475
20,0.0190465995902019,2536.53058215015,1.45651850888811
